rep,fold,seed,arm,n_test,auc,ap,acc,f1,rely_img,rely_tab,auc_img_shuf,auc_tab_shuf,best_epoch,epochs_run
0,0,0,concat,46,0.7697368421052633,0.9203143548193162,0.782608695652174,0.8611111111111112,0.0032894736842106,0.2171052631578949,0.7664473684210527,0.5526315789473684,1,16
0,0,1,concat,46,0.763157894736842,0.924450446133852,0.7608695652173914,0.8493150684931506,0.0032894736842105,0.2302631578947367,0.7598684210526315,0.5328947368421053,1,16
0,0,2,concat,46,0.7664473684210527,0.891712072106695,0.8695652173913043,0.9210526315789472,0.0131578947368421,0.2039473684210526,0.7532894736842105,0.5625,1,16
0,0,0,concat_wide,46,0.7664473684210527,0.8930219835101839,0.7608695652173914,0.8533333333333334,0.006578947368421,0.2302631578947368,0.7598684210526316,0.5361842105263158,1,16
0,0,1,concat_wide,46,0.756578947368421,0.8904925794241255,0.7608695652173914,0.8450704225352113,-0.006578947368421,0.1973684210526315,0.763157894736842,0.5592105263157895,1,16
0,0,2,concat_wide,46,0.756578947368421,0.916694103066382,0.8043478260869565,0.8831168831168831,-0.0098684210526316,0.2236842105263157,0.7664473684210527,0.5328947368421053,1,16
0,0,0,cross,46,0.7598684210526316,0.9347169941390704,0.782608695652174,0.868421052631579,-0.0032894736842105,0.1644736842105263,0.7631578947368421,0.5953947368421053,5,20
0,0,1,cross,46,0.6052631578947368,0.8882865870219209,0.8260869565217391,0.9,0.0197368421052631,-0.0559210526315788,0.5855263157894737,0.6611842105263157,20,35
0,0,2,cross,46,0.694078947368421,0.912975552442994,0.8043478260869565,0.88,0.0263157894736841,0.1052631578947367,0.6677631578947368,0.5888157894736843,25,40
0,0,0,cross_a2b,46,0.7828947368421053,0.9238600695620948,0.8695652173913043,0.925,0.0098684210526316,0.1282894736842106,0.7730263157894737,0.6546052631578947,6,21
0,0,1,cross_a2b,46,0.631578947368421,0.8811077382286018,0.8478260869565217,0.9113924050632912,0.0328947368421053,0.0164473684210526,0.5986842105263157,0.6151315789473684,8,23
0,0,2,cross_a2b,46,0.7236842105263158,0.8802263311094299,0.8478260869565217,0.9113924050632912,-0.0361842105263158,0.3519736842105263,0.7598684210526316,0.3717105263157895,1,16
0,0,0,img,46,0.743421052631579,0.9301288460768882,0.8043478260869565,0.8860759493670886,,,,,2,17
0,0,1,img,46,0.5986842105263158,0.8694101641706027,0.8478260869565217,0.9156626506024096,,,,,3,18
0,0,2,img,46,0.6513157894736842,0.897878825920778,0.8043478260869565,0.8888888888888888,,,,,1,16
0,0,0,tab,46,0.6677631578947368,0.8864306668243374,0.8260869565217391,0.9,,,,,26,41
0,0,1,tab,46,0.75,0.9317929232268642,0.8260869565217391,0.8974358974358975,,,,,4,19
0,0,2,tab,46,0.7483552631578947,0.899025578121937,0.8478260869565217,0.9113924050632912,,,,,4,19
0,1,0,concat,46,0.8168168168168168,0.9410818432909552,0.7391304347826086,0.8235294117647058,0.03003003003003,0.0660660660660661,0.7867867867867868,0.7507507507507507,12,27
0,1,1,concat,46,0.7927927927927928,0.9176354597694768,0.782608695652174,0.8611111111111112,0.039039039039039,0.045045045045045,0.7537537537537538,0.7477477477477478,25,40
0,1,2,concat,46,0.7927927927927928,0.9209651440522072,0.782608695652174,0.8648648648648649,0.0045045045045044,0.147147147147147,0.7882882882882883,0.6456456456456457,22,37
0,1,0,concat_wide,46,0.7957957957957957,0.9169654740439606,0.8260869565217391,0.8918918918918919,0.0120120120120119,0.117117117117117,0.7837837837837838,0.6786786786786787,6,21
0,1,1,concat_wide,46,0.7972972972972974,0.924570590701132,0.7608695652173914,0.8450704225352113,0.0285285285285284,0.0765765765765765,0.7687687687687689,0.7207207207207208,9,24
0,1,2,concat_wide,46,0.8183183183183184,0.924179289292928,0.8043478260869565,0.8767123287671232,0.0180180180180179,0.1516516516516516,0.8003003003003004,0.6666666666666667,7,22
0,1,0,cross,46,0.8378378378378379,0.9511836499043343,0.782608695652174,0.8529411764705882,0.024024024024024,0.2222222222222223,0.8138138138138139,0.6156156156156156,9,24
0,1,1,cross,46,0.8078078078078079,0.9419348932666562,0.8478260869565217,0.9041095890410958,0.0210210210210211,0.1321321321321322,0.7867867867867868,0.6756756756756757,8,23
0,1,2,cross,46,0.8138138138138138,0.9504461290412014,0.7608695652173914,0.8450704225352113,0.0060060060060059,0.2222222222222221,0.8078078078078078,0.5915915915915917,7,22
0,1,0,cross_a2b,46,0.7987987987987988,0.9361759608405515,0.7391304347826086,0.8378378378378378,0.0180180180180179,0.1141141141141141,0.7807807807807808,0.6846846846846847,24,39
0,1,1,cross_a2b,46,0.7717717717717718,0.9381476791448858,0.782608695652174,0.8648648648648649,-0.018018018018018,0.2162162162162162,0.7897897897897899,0.5555555555555556,23,38
0,1,2,cross_a2b,46,0.7927927927927928,0.9216074959334808,0.7391304347826086,0.8285714285714286,0.0150150150150148,0.1471471471471471,0.7777777777777779,0.6456456456456456,11,26
0,1,0,img,46,0.6906906906906908,0.908367189544026,0.6739130434782609,0.782608695652174,,,,,1,16
0,1,1,img,46,0.6696696696696698,0.8990372511123286,0.6086956521739131,0.7352941176470589,,,,,1,16
0,1,2,img,46,0.6756756756756758,0.90829600602996,0.6521739130434783,0.7777777777777778,,,,,3,18
0,1,0,tab,46,0.8138138138138139,0.9485747519769524,0.7608695652173914,0.8450704225352113,,,,,5,20
0,1,1,tab,46,0.8318318318318318,0.9545223005820032,0.7608695652173914,0.8450704225352113,,,,,7,22
0,1,2,tab,46,0.7942942942942943,0.9190785128044558,0.8043478260869565,0.8767123287671232,,,,,9,24
0,2,0,concat,46,0.8348348348348349,0.9546619905024172,0.8260869565217391,0.902439024390244,0.03003003003003,0.0930930930930931,0.8048048048048049,0.7417417417417418,3,18
0,2,1,concat,46,0.8108108108108109,0.9301789508817088,0.8043478260869565,0.8860759493670886,0.027027027027027,0.081081081081081,0.7837837837837838,0.7297297297297298,19,34
0,2,2,concat,46,0.7567567567567568,0.9217444052533584,0.7391304347826086,0.8461538461538461,0.0240240240240241,-0.0420420420420419,0.7327327327327327,0.7987987987987988,6,21
0,2,0,concat_wide,46,0.7867867867867868,0.9197412117589276,0.782608695652174,0.8717948717948718,0.0060060060060059,-0.0270270270270269,0.7807807807807808,0.8138138138138138,8,23
0,2,1,concat_wide,46,0.7762762762762763,0.9158437124526516,0.7608695652173914,0.8607594936708861,0.0120120120120119,0.0405405405405405,0.7642642642642643,0.7357357357357357,11,26
0,2,2,concat_wide,46,0.8378378378378378,0.9550360717801344,0.8260869565217391,0.8947368421052632,0.0330330330330329,0.051051051051051,0.8048048048048049,0.7867867867867868,3,18
0,2,0,cross,46,0.6921921921921923,0.8637273591014518,0.8043478260869565,0.8860759493670886,0.0345345345345347,-0.0585585585585585,0.6576576576576576,0.7507507507507508,14,29
0,2,1,cross,46,0.7297297297297298,0.9228565472969104,0.782608695652174,0.8648648648648649,0.0210210210210211,0.039039039039039,0.7087087087087087,0.6906906906906908,1,16
0,2,2,cross,46,0.7147147147147147,0.9063720344121158,0.8043478260869565,0.8831168831168831,0.0330330330330329,0.0180180180180179,0.6816816816816818,0.6966966966966968,1,16
0,2,0,cross_a2b,46,0.7597597597597598,0.9184426794840956,0.782608695652174,0.8717948717948718,-0.0180180180180179,-0.0120120120120119,0.7777777777777778,0.7717717717717718,11,26
0,2,1,cross_a2b,46,0.7117117117117118,0.8942907507748361,0.8043478260869565,0.8831168831168831,0.015015015015015,-0.0120120120120119,0.6966966966966968,0.7237237237237237,1,16
0,2,2,cross_a2b,46,0.7417417417417418,0.9268053215591194,0.8260869565217391,0.8947368421052632,0.0090090090090089,0.0360360360360361,0.7327327327327329,0.7057057057057057,18,33
0,2,0,img,46,0.7177177177177178,0.916107519754214,0.8043478260869565,0.8860759493670886,,,,,1,16
0,2,1,img,46,0.6936936936936937,0.898812760837655,0.717391304347826,0.8115942028985508,,,,,7,22
0,2,2,img,46,0.7087087087087087,0.9117693102971662,0.782608695652174,0.868421052631579,,,,,10,25
0,2,0,tab,46,0.7957957957957957,0.9479584423955684,0.8043478260869565,0.88,,,,,3,18
0,2,1,tab,46,0.7507507507507507,0.929296170627724,0.8260869565217391,0.8974358974358975,,,,,3,18
0,2,2,tab,46,0.7777777777777779,0.940036707868796,0.782608695652174,0.868421052631579,,,,,1,16
0,3,0,concat,46,0.6246246246246245,0.8374069845884705,0.8043478260869565,0.8831168831168831,0.0120120120120118,-0.018018018018018,0.6126126126126127,0.6426426426426426,29,37
0,3,1,concat,46,0.6141141141141141,0.843150406459843,0.7608695652173914,0.8571428571428571,0.0,-0.0315315315315315,0.6141141141141141,0.6456456456456456,39,54
0,3,2,concat,46,0.6501501501501502,0.8516813719765655,0.8043478260869565,0.8831168831168831,0.042042042042042,-0.0285285285285284,0.6081081081081081,0.6786786786786787,65,80
0,3,0,concat_wide,46,0.6516516516516516,0.853811942556896,0.8260869565217391,0.8947368421052632,0.0195195195195193,-0.0360360360360361,0.6321321321321323,0.6876876876876877,31,46
0,3,1,concat_wide,46,0.6456456456456456,0.8533834256154913,0.8043478260869565,0.8860759493670886,0.0,-0.0570570570570569,0.6456456456456456,0.7027027027027026,32,47
0,3,2,concat_wide,46,0.6516516516516517,0.8586573516705978,0.8478260869565217,0.9113924050632912,0.003003003003003,0.0840840840840841,0.6486486486486487,0.5675675675675675,11,26
0,3,0,cross,46,0.7477477477477477,0.9167570234047856,0.8695652173913043,0.9210526315789472,-0.0270270270270271,0.18018018018018,0.7747747747747749,0.5675675675675677,19,34
0,3,1,cross,46,0.7432432432432432,0.8775271591730941,0.8043478260869565,0.88,0.0105105105105103,0.1636636636636635,0.7327327327327329,0.5795795795795796,25,40
0,3,2,cross,46,0.7087087087087087,0.8952883942099874,0.8043478260869565,0.88,0.0270270270270269,0.1741741741741742,0.6816816816816818,0.5345345345345345,32,47
0,3,0,cross_a2b,46,0.6696696696696697,0.846422181001839,0.7608695652173914,0.8571428571428571,-0.0105105105105105,0.072072072072072,0.6801801801801802,0.5975975975975977,16,31
0,3,1,cross_a2b,46,0.7042042042042043,0.8962535533045413,0.8043478260869565,0.88,0.0075075075075075,0.0765765765765766,0.6966966966966968,0.6276276276276276,16,31
0,3,2,cross_a2b,46,0.6996996996996997,0.8637589531058094,0.8043478260869565,0.88,0.0060060060060059,0.2342342342342341,0.6936936936936937,0.4654654654654655,13,28
0,3,0,img,46,0.7867867867867868,0.9269089905123208,0.7391304347826086,0.8181818181818182,,,,,1,16
0,3,1,img,46,0.7717717717717718,0.923732847789307,0.8260869565217391,0.8947368421052632,,,,,6,21
0,3,2,img,46,0.7507507507507507,0.9094015773217896,0.6956521739130435,0.7878787878787878,,,,,2,17
0,3,0,tab,46,0.6906906906906907,0.8651108431738483,0.8043478260869565,0.8767123287671232,,,,,3,18
0,3,1,tab,46,0.6141141141141141,0.8559953466742143,0.7391304347826086,0.8461538461538461,,,,,3,18
0,3,2,tab,46,0.6711711711711712,0.8679507092342474,0.782608695652174,0.868421052631579,,,,,6,21
0,4,0,concat,45,0.8682432432432432,0.9700754065793772,0.8666666666666667,0.9166666666666666,0.0067567567567566,0.25,0.8614864864864865,0.6182432432432432,7,22
0,4,1,concat,45,0.8918918918918919,0.9741006334977932,0.8666666666666667,0.918918918918919,0.0337837837837837,0.4189189189189189,0.8581081081081081,0.4729729729729729,13,28
0,4,2,concat,45,0.8952702702702703,0.9773192304233924,0.8666666666666667,0.9166666666666666,0.0202702702702702,0.2972972972972972,0.875,0.597972972972973,7,22
0,4,0,concat_wide,45,0.875,0.9724488519975044,0.8666666666666667,0.9166666666666666,0.0236486486486486,0.304054054054054,0.8513513513513513,0.5709459459459459,3,18
0,4,1,concat_wide,45,0.8783783783783784,0.9711456923075574,0.8222222222222222,0.8888888888888888,0.0168918918918918,0.4695945945945946,0.8614864864864865,0.4087837837837837,13,28
0,4,2,concat_wide,45,0.8783783783783784,0.9741938978386008,0.8666666666666667,0.918918918918919,0.0135135135135134,0.4087837837837837,0.8648648648648649,0.4695945945945946,7,22
0,4,0,cross,45,0.8851351351351352,0.973622006770336,0.8666666666666667,0.9166666666666666,-0.0067567567567566,0.5101351351351352,0.8918918918918919,0.375,4,19
0,4,1,cross,45,0.9054054054054056,0.977991433650143,0.8666666666666667,0.918918918918919,0.0168918918918919,0.5101351351351352,0.8885135135135135,0.3952702702702703,19,34
0,4,2,cross,45,0.8648648648648649,0.9669552966668986,0.8444444444444444,0.9041095890410958,0.027027027027027,0.4459459459459459,0.8378378378378378,0.4189189189189189,3,18
0,4,0,cross_a2b,45,0.8986486486486487,0.9771990945937972,0.8444444444444444,0.9041095890410958,0.0168918918918918,0.5641891891891893,0.8817567567567568,0.3344594594594595,4,19
0,4,1,cross_a2b,45,0.8918918918918919,0.9742168803411316,0.8444444444444444,0.9041095890410958,0.0236486486486486,0.4493243243243243,0.8682432432432432,0.4425675675675676,13,28
0,4,2,cross_a2b,45,0.8513513513513513,0.9629246388959628,0.8444444444444444,0.9041095890410958,0.0168918918918918,0.4290540540540539,0.8344594594594594,0.4222972972972973,3,18
0,4,0,img,45,0.7533783783783784,0.919867748397892,0.6888888888888889,0.7878787878787878,,,,,2,17
0,4,1,img,45,0.7162162162162162,0.9038152104340332,0.8444444444444444,0.9113924050632912,,,,,12,27
0,4,2,img,45,0.7128378378378379,0.9045312378635246,0.8222222222222222,0.8888888888888888,,,,,1,16
0,4,0,tab,45,0.8547297297297297,0.96604284143367,0.8222222222222222,0.8888888888888888,,,,,11,26
0,4,1,tab,45,0.8445945945945946,0.9662800896114094,0.8,0.8767123287671232,,,,,5,20
0,4,2,tab,45,0.8412162162162162,0.9631070443118264,0.8444444444444444,0.9041095890410958,,,,,13,27
1,0,0,concat,46,0.8421052631578947,0.9581308867390952,0.717391304347826,0.8059701492537313,0.013157894736842,0.1118421052631578,0.8289473684210527,0.7302631578947368,1,16
1,0,1,concat,46,0.7828947368421052,0.95308154172531,0.7608695652173914,0.8405797101449275,-0.0098684210526316,0.0065789473684209,0.7927631578947368,0.7763157894736843,2,17
1,0,2,concat,46,0.8157894736842106,0.9528237847744494,0.782608695652174,0.8648648648648649,0.0098684210526316,0.1710526315789474,0.805921052631579,0.6447368421052632,1,16
1,0,0,concat_wide,46,0.8486842105263157,0.9638745366080675,0.7391304347826086,0.8181818181818182,0.0131578947368419,0.125,0.8355263157894738,0.7236842105263157,1,16
1,0,1,concat_wide,46,0.8486842105263158,0.9666670172892792,0.7608695652173914,0.8450704225352113,-0.006578947368421,0.075657894736842,0.8552631578947368,0.7730263157894738,2,17
1,0,2,concat_wide,46,0.888157894736842,0.9749127618007434,0.782608695652174,0.8529411764705882,0.0230263157894735,0.1677631578947368,0.8651315789473685,0.7203947368421052,2,17
1,0,0,cross,46,0.8322368421052632,0.9493684532302098,0.8043478260869565,0.8695652173913043,-0.0131578947368421,0.1447368421052631,0.8453947368421053,0.6875,1,16
1,0,1,cross,46,0.7697368421052632,0.9062211178378904,0.782608695652174,0.8611111111111112,-0.0065789473684211,0.1118421052631578,0.7763157894736843,0.6578947368421053,1,16
1,0,2,cross,46,0.8881578947368421,0.9761051280416486,0.8913043478260869,0.9333333333333332,0.0263157894736841,0.125,0.861842105263158,0.7631578947368421,9,24
1,0,0,cross_a2b,46,0.799342105263158,0.9511274711538794,0.8478260869565217,0.9113924050632912,-0.013157894736842,0.1940789473684211,0.8125,0.6052631578947368,19,34
1,0,1,cross_a2b,46,0.8421052631578947,0.9616530269030924,0.8695652173913043,0.918918918918919,0.013157894736842,0.1743421052631578,0.8289473684210527,0.6677631578947368,17,32
1,0,2,cross_a2b,46,0.7631578947368421,0.9198349408669222,0.7608695652173914,0.8450704225352113,-0.0098684210526315,0.1315789473684211,0.7730263157894737,0.631578947368421,1,16
1,0,0,img,46,0.7532894736842105,0.9410700090083828,0.6521739130434783,0.7647058823529411,,,,,1,16
1,0,1,img,46,0.7335526315789473,0.930483474802752,0.7608695652173914,0.8533333333333334,,,,,1,16
1,0,2,img,46,0.7763157894736842,0.9420502815929,0.6086956521739131,0.7096774193548387,,,,,2,17
1,0,0,tab,46,0.8881578947368421,0.97755331392818,0.8478260869565217,0.9113924050632912,,,,,9,24
1,0,1,tab,46,0.8108552631578947,0.9371953875314236,0.8478260869565217,0.9135802469135802,,,,,13,28
1,0,2,tab,46,0.819078947368421,0.9551005479110598,0.8260869565217391,0.8857142857142857,,,,,1,16
1,1,0,concat,46,0.6936936936936937,0.8678397157743118,0.782608695652174,0.875,0.0,0.027027027027027,0.6936936936936937,0.6666666666666666,14,29
1,1,1,concat,46,0.7162162162162162,0.8759174601221432,0.782608695652174,0.875,0.0120120120120119,-0.0375375375375375,0.7042042042042043,0.7537537537537538,7,22
1,1,2,concat,46,0.6246246246246246,0.8262384534768298,0.782608695652174,0.875,-0.0060060060060059,-0.036036036036036,0.6306306306306306,0.6606606606606606,8,23
1,1,0,concat_wide,46,0.6306306306306305,0.8342841863364954,0.7608695652173914,0.8607594936708861,0.0060060060060058,-0.0450450450450451,0.6246246246246246,0.6756756756756757,4,19
1,1,1,concat_wide,46,0.6546546546546547,0.8409398748922563,0.782608695652174,0.8717948717948718,0.009009009009009,-0.1441441441441441,0.6456456456456456,0.7987987987987988,5,20
1,1,2,concat_wide,46,0.6786786786786787,0.8477517706863666,0.782608695652174,0.8717948717948718,0.03003003003003,-0.015015015015015,0.6486486486486487,0.6936936936936937,4,19
1,1,0,cross,46,0.6246246246246246,0.8516312186383224,0.717391304347826,0.8311688311688312,-0.027027027027027,-0.03003003003003,0.6516516516516517,0.6546546546546547,3,18
1,1,1,cross,46,0.7507507507507507,0.9337092299874704,0.7608695652173914,0.8571428571428571,0.003003003003003,-0.003003003003003,0.7477477477477477,0.7537537537537538,3,18
1,1,2,cross,46,0.7207207207207208,0.9080594238304838,0.782608695652174,0.8717948717948718,0.0330330330330331,0.024024024024024,0.6876876876876876,0.6966966966966968,2,17
1,1,0,cross_a2b,46,0.6996996996996997,0.907436460980263,0.782608695652174,0.868421052631579,0.0120120120120119,0.0060060060060059,0.6876876876876877,0.6936936936936937,2,17
1,1,1,cross_a2b,46,0.6726726726726726,0.871096316191966,0.8043478260869565,0.8860759493670886,-0.006006006006006,-0.048048048048048,0.6786786786786787,0.7207207207207207,5,20
1,1,2,cross_a2b,46,0.6306306306306306,0.8350228549647014,0.782608695652174,0.875,0.0090090090090089,0.015015015015015,0.6216216216216217,0.6156156156156156,3,18
1,1,0,img,46,0.7087087087087087,0.915646092931398,0.717391304347826,0.821917808219178,,,,,6,21
1,1,1,img,46,0.7327327327327328,0.933972885265081,0.8043478260869565,0.8860759493670886,,,,,10,25
1,1,2,img,46,0.7777777777777779,0.9374066856029653,0.8260869565217391,0.9,,,,,14,29
1,1,0,tab,46,0.6126126126126126,0.8248161668646493,0.7608695652173914,0.8607594936708861,,,,,3,18
1,1,1,tab,46,0.6081081081081081,0.82854785886816,0.782608695652174,0.868421052631579,,,,,3,18
1,1,2,tab,46,0.6066066066066066,0.8246341574737229,0.782608695652174,0.875,,,,,5,20
1,2,0,concat,46,0.7912912912912913,0.903467370388213,0.7608695652173914,0.8493150684931506,0.018018018018018,0.0525525525525525,0.7732732732732732,0.7387387387387387,6,21
1,2,1,concat,46,0.6966966966966966,0.8634894830330004,0.782608695652174,0.8648648648648649,0.0570570570570569,-0.027027027027027,0.6396396396396397,0.7237237237237237,1,16
1,2,2,concat,46,0.8213213213213213,0.9269205826766228,0.8260869565217391,0.8888888888888888,0.0105105105105104,0.1156156156156156,0.8108108108108109,0.7057057057057057,6,21
1,2,0,concat_wide,46,0.7747747747747749,0.8947561472775907,0.782608695652174,0.8611111111111112,0.0225225225225225,0.1531531531531532,0.7522522522522523,0.6216216216216216,3,18
1,2,1,concat_wide,46,0.7912912912912913,0.9015592313392704,0.7391304347826086,0.8235294117647058,0.0030030030030029,0.2627627627627626,0.7882882882882883,0.5285285285285286,3,18
1,2,2,concat_wide,46,0.7387387387387387,0.8727897942797411,0.6304347826086957,0.7301587301587301,0.0270270270270269,0.1741741741741741,0.7117117117117118,0.5645645645645646,2,17
1,2,0,cross,46,0.7657657657657657,0.9340887432713928,0.7391304347826086,0.8285714285714286,-0.012012012012012,0.09009009009009,0.7777777777777778,0.6756756756756757,5,20
1,2,1,cross,46,0.7867867867867868,0.8973743230250315,0.782608695652174,0.8529411764705882,0.0150150150150151,0.051051051051051,0.7717717717717717,0.7357357357357358,1,16
1,2,2,cross,46,0.7867867867867868,0.92691636254988,0.8260869565217391,0.8918918918918919,-0.012012012012012,0.2552552552552553,0.7987987987987989,0.5315315315315315,18,33
1,2,0,cross_a2b,46,0.8003003003003003,0.9065287004571247,0.8260869565217391,0.8857142857142857,0.0150150150150148,0.0615615615615615,0.7852852852852854,0.7387387387387387,27,42
1,2,1,cross_a2b,46,0.7477477477477478,0.8998744985512297,0.782608695652174,0.8611111111111112,-0.0030030030030029,0.1231231231231231,0.7507507507507507,0.6246246246246246,3,18
1,2,2,cross_a2b,46,0.7882882882882882,0.8880366002063597,0.782608695652174,0.8529411764705882,-0.0150150150150151,0.1396396396396395,0.8033033033033034,0.6486486486486487,15,30
1,2,0,img,46,0.7117117117117118,0.9013038655989524,0.6956521739130435,0.7941176470588235,,,,,21,36
1,2,1,img,46,0.6846846846846847,0.892327687718266,0.7608695652173914,0.8533333333333334,,,,,3,18
1,2,2,img,46,0.6426426426426426,0.8792577460598887,0.782608695652174,0.868421052631579,,,,,23,38
1,2,0,tab,46,0.7447447447447447,0.882668911614867,0.7608695652173914,0.8493150684931506,,,,,4,19
1,2,1,tab,46,0.7477477477477478,0.9160978878080288,0.7391304347826086,0.8333333333333334,,,,,3,18
1,2,2,tab,46,0.7567567567567568,0.905851796192443,0.7391304347826086,0.8181818181818182,,,,,2,17
1,3,0,concat,46,0.6936936936936937,0.87840374724468,0.7608695652173914,0.8493150684931506,0.0150150150150148,0.0930930930930931,0.6786786786786788,0.6006006006006006,8,23
1,3,1,concat,46,0.6936936936936937,0.8666806880387832,0.782608695652174,0.8648648648648649,0.0135135135135135,0.042042042042042,0.6801801801801801,0.6516516516516516,9,24
1,3,2,concat,46,0.6996996996996997,0.8888741760526266,0.782608695652174,0.8648648648648649,0.015015015015015,0.087087087087087,0.6846846846846847,0.6126126126126127,6,21
1,3,0,concat_wide,46,0.7327327327327328,0.8878730950118864,0.7608695652173914,0.8533333333333334,0.0255255255255255,0.102102102102102,0.7072072072072072,0.6306306306306307,6,21
1,3,1,concat_wide,46,0.7267267267267268,0.9028762483015432,0.782608695652174,0.8648648648648649,0.0540540540540541,0.0720720720720721,0.6726726726726726,0.6546546546546547,5,20
1,3,2,concat_wide,46,0.7207207207207207,0.8784160410494807,0.782608695652174,0.8648648648648649,0.0315315315315314,0.0720720720720721,0.6891891891891893,0.6486486486486486,5,20
1,3,0,cross,46,0.7297297297297297,0.9280706850951066,0.7608695652173914,0.8450704225352113,0.054054054054054,0.1471471471471471,0.6756756756756757,0.5825825825825826,4,19
1,3,1,cross,46,0.6456456456456456,0.8608106060904694,0.8043478260869565,0.88,0.015015015015015,-0.027027027027027,0.6306306306306306,0.6726726726726727,12,27
1,3,2,cross,46,0.6636636636636637,0.8947354220192094,0.782608695652174,0.8648648648648649,-0.0240240240240239,0.105105105105105,0.6876876876876876,0.5585585585585586,8,23
1,3,0,cross_a2b,46,0.6666666666666667,0.8644354713408073,0.8043478260869565,0.8767123287671232,0.003003003003003,0.1261261261261261,0.6636636636636637,0.5405405405405406,11,26
1,3,1,cross_a2b,46,0.6276276276276276,0.8515990823840913,0.782608695652174,0.8648648648648649,-0.027027027027027,0.075075075075075,0.6546546546546547,0.5525525525525525,4,19
1,3,2,cross_a2b,46,0.6726726726726727,0.8710804409461397,0.7608695652173914,0.8493150684931506,0.0030030030030029,0.1231231231231231,0.6696696696696698,0.5495495495495496,1,16
1,3,0,img,46,0.6816816816816818,0.8697413670304646,0.782608695652174,0.8611111111111112,,,,,10,25
1,3,1,img,46,0.7777777777777778,0.9061326470783456,0.8695652173913043,0.9230769230769232,,,,,13,28
1,3,2,img,46,0.6996996996996998,0.8969631093032275,0.7608695652173914,0.8450704225352113,,,,,9,24
1,3,0,tab,46,0.6666666666666667,0.8793635527748607,0.7608695652173914,0.8533333333333334,,,,,3,18
1,3,1,tab,46,0.6726726726726726,0.8794737103757551,0.7608695652173914,0.8533333333333334,,,,,5,20
1,3,2,tab,46,0.6486486486486487,0.8672852099830262,0.6956521739130435,0.8055555555555556,,,,,2,17
1,4,0,concat,45,0.7837837837837838,0.9444226301371024,0.8222222222222222,0.8974358974358975,0.0337837837837837,0.1891891891891892,0.75,0.5945945945945945,1,16
1,4,1,concat,45,0.7635135135135135,0.9434636662417856,0.7333333333333333,0.8235294117647058,-0.0067567567567566,0.1858108108108107,0.7702702702702702,0.5777027027027027,1,16
1,4,2,concat,45,0.7837837837837838,0.94704169145512,0.6888888888888889,0.7878787878787878,-0.0067567567567567,0.1959459459459459,0.7905405405405406,0.5878378378378378,1,16
1,4,0,concat_wide,45,0.7297297297297297,0.9321486244065724,0.7777777777777778,0.8648648648648649,0.0067567567567566,0.1993243243243242,0.722972972972973,0.5304054054054055,2,17
1,4,1,concat_wide,45,0.7905405405405406,0.9503780340726252,0.6222222222222222,0.7301587301587301,0.0304054054054054,0.2702702702702703,0.7601351351351351,0.5202702702702703,1,16
1,4,2,concat_wide,45,0.777027027027027,0.9445812534835633,0.7555555555555555,0.8405797101449275,0.0371621621621621,0.1824324324324323,0.7398648648648648,0.5945945945945946,1,16
1,4,0,cross,45,0.6925675675675675,0.885334551249418,0.7777777777777778,0.8611111111111112,0.0033783783783782,0.3513513513513513,0.6891891891891893,0.3412162162162162,4,19
1,4,1,cross,45,0.7128378378378378,0.8870098254012846,0.7555555555555555,0.8450704225352113,0.0,0.3783783783783783,0.7128378378378378,0.3344594594594595,4,19
1,4,2,cross,45,0.7702702702702703,0.942062773595436,0.7333333333333333,0.8333333333333334,0.0067567567567567,0.3918918918918919,0.7635135135135135,0.3783783783783783,2,17
1,4,0,cross_a2b,45,0.7331081081081081,0.9072545637242428,0.7777777777777778,0.8611111111111112,0.0304054054054053,0.4594594594594595,0.7027027027027027,0.2736486486486486,21,22
1,4,1,cross_a2b,45,0.7297297297297298,0.919363459875026,0.8,0.8732394366197183,0.0168918918918919,0.5000000000000001,0.7128378378378378,0.2297297297297297,10,25
1,4,2,cross_a2b,45,0.793918918918919,0.937524904694664,0.8,0.8695652173913043,0.0439189189189189,0.4087837837837838,0.75,0.3851351351351351,5,20
1,4,0,img,45,0.6351351351351351,0.8968903304233937,0.8444444444444444,0.9113924050632912,,,,,2,17
1,4,1,img,45,0.6655405405405406,0.9123759133305828,0.7555555555555555,0.8493150684931506,,,,,6,21
1,4,2,img,45,0.6047297297297297,0.8579496994897358,0.5333333333333333,0.6440677966101694,,,,,2,17
1,4,0,tab,45,0.7263513513513513,0.8969969494146101,0.8,0.8695652173913043,,,,,29,44
1,4,1,tab,45,0.7195945945945946,0.9342282218562594,0.7111111111111111,0.8169014084507042,,,,,3,18
1,4,2,tab,45,0.7567567567567567,0.9452378407657752,0.6444444444444445,0.7575757575757576,,,,,1,16
2,0,0,concat,46,0.7664473684210527,0.9134726994476264,0.782608695652174,0.8648648648648649,0.0032894736842105,0.2138157894736843,0.7631578947368421,0.5526315789473684,12,27
2,0,1,concat,46,0.7927631578947368,0.9228734888417184,0.8695652173913043,0.9230769230769232,-0.0082236842105263,0.1217105263157894,0.8009868421052632,0.6710526315789473,11,26
2,0,2,concat,46,0.7697368421052632,0.9099999362021656,0.8695652173913043,0.9230769230769232,0.0082236842105263,0.1578947368421053,0.7615131578947368,0.6118421052631579,6,21
2,0,0,concat_wide,46,0.774671052631579,0.9203093325607874,0.8478260869565217,0.9090909090909092,-0.0032894736842105,0.1990131578947369,0.7779605263157895,0.575657894736842,5,20
2,0,1,concat_wide,46,0.7911184210526315,0.921954322348266,0.8043478260869565,0.8831168831168831,0.0016447368421051,0.1858552631578947,0.7894736842105263,0.6052631578947368,4,19
2,0,2,concat_wide,46,0.7861842105263157,0.9174047416226652,0.8043478260869565,0.88,-0.0065789473684211,0.194078947368421,0.7927631578947368,0.5921052631578947,5,20
2,0,0,cross,46,0.7467105263157895,0.9298613667196892,0.7608695652173914,0.8450704225352113,0.0328947368421053,0.0657894736842105,0.7138157894736842,0.680921052631579,1,16
2,0,1,cross,46,0.7532894736842105,0.8881045570534624,0.8043478260869565,0.88,0.0164473684210526,0.1809210526315788,0.7368421052631579,0.5723684210526316,2,17
2,0,2,cross,46,0.7467105263157895,0.9059624901717014,0.8043478260869565,0.8831168831168831,0.0164473684210526,0.1710526315789474,0.7302631578947368,0.575657894736842,2,17
2,0,0,cross_a2b,46,0.7763157894736843,0.913153592686022,0.7608695652173914,0.8493150684931506,0.0131578947368422,0.1776315789473685,0.763157894736842,0.5986842105263157,1,16
2,0,1,cross_a2b,46,0.7861842105263158,0.909337296176164,0.7608695652173914,0.8493150684931506,0.0065789473684211,0.2236842105263158,0.7796052631578947,0.5625,2,17
2,0,2,cross_a2b,46,0.6990131578947368,0.8709136167886214,0.782608695652174,0.8648648648648649,-0.0016447368421053,0.1200657894736841,0.7006578947368421,0.5789473684210527,9,24
2,0,0,img,46,0.7368421052631579,0.9391164301297308,0.6956521739130435,0.8055555555555556,,,,,8,23
2,0,1,img,46,0.7335526315789473,0.9153135928196504,0.8478260869565217,0.9156626506024096,,,,,14,29
2,0,2,img,46,0.7236842105263157,0.9236327896119652,0.8043478260869565,0.8860759493670886,,,,,33,48
2,0,0,tab,46,0.756578947368421,0.9104529936692276,0.8478260869565217,0.9090909090909092,,,,,8,23
2,0,1,tab,46,0.7894736842105263,0.9191301036739749,0.8260869565217391,0.8947368421052632,,,,,7,22
2,0,2,tab,46,0.7697368421052632,0.909484510401228,0.8043478260869565,0.88,,,,,5,20
2,1,0,concat,46,0.8378378378378378,0.9524210643851831,0.8478260869565217,0.9041095890410958,0.0,0.1861861861861861,0.8378378378378378,0.6516516516516517,2,17
2,1,1,concat,46,0.885885885885886,0.964849623687156,0.8913043478260869,0.935064935064935,0.003003003003003,0.2552552552552554,0.882882882882883,0.6306306306306306,49,64
2,1,2,concat,46,0.8588588588588589,0.9596382694641928,0.8478260869565217,0.9066666666666666,0.0210210210210211,0.1651651651651652,0.8378378378378378,0.6936936936936937,9,24
2,1,0,concat_wide,46,0.882882882882883,0.9674692212937012,0.8695652173913043,0.918918918918919,0.0210210210210211,0.2552552552552554,0.8618618618618619,0.6276276276276276,6,21
2,1,1,concat_wide,46,0.912912912912913,0.9773165252004384,0.8913043478260869,0.9315068493150684,0.0,0.3273273273273274,0.912912912912913,0.5855855855855856,17,32
2,1,2,concat_wide,46,0.882882882882883,0.96939836678604,0.8695652173913043,0.9230769230769232,0.003003003003003,0.2912912912912914,0.8798798798798799,0.5915915915915916,21,36
2,1,0,cross,46,0.8048048048048049,0.9377936006777696,0.8260869565217391,0.8947368421052632,-0.015015015015015,0.3123123123123124,0.8198198198198199,0.4924924924924925,16,31
2,1,1,cross,46,0.921921921921922,0.981900511002678,0.8260869565217391,0.8918918918918919,0.018018018018018,0.3993993993993994,0.903903903903904,0.5225225225225226,12,27
2,1,2,cross,46,0.7957957957957958,0.9429481390892565,0.8478260869565217,0.9066666666666666,-0.0210210210210209,0.2552552552552553,0.8168168168168168,0.5405405405405406,13,28
2,1,0,cross_a2b,46,0.912912912912913,0.9772309656207372,0.8695652173913043,0.918918918918919,0.0210210210210211,0.3963963963963964,0.8918918918918919,0.5165165165165165,27,42
2,1,1,cross_a2b,46,0.918918918918919,0.9808043749957188,0.8913043478260869,0.9315068493150684,0.0030030030030029,0.4144144144144144,0.915915915915916,0.5045045045045046,28,43
2,1,2,cross_a2b,46,0.8348348348348348,0.9573837803100675,0.782608695652174,0.8611111111111112,0.0120120120120118,0.2222222222222221,0.8228228228228229,0.6126126126126127,27,42
2,1,0,img,46,0.7477477477477478,0.9297216711282352,0.8043478260869565,0.8888888888888888,,,,,19,34
2,1,1,img,46,0.7747747747747749,0.9419543342758436,0.717391304347826,0.8059701492537313,,,,,1,16
2,1,2,img,46,0.8558558558558558,0.9664839333839728,0.7608695652173914,0.8607594936708861,,,,,26,41
2,1,0,tab,46,0.8288288288288288,0.9398633556338256,0.8260869565217391,0.8918918918918919,,,,,26,41
2,1,1,tab,46,0.8618618618618619,0.9563983203010992,0.8478260869565217,0.9041095890410958,,,,,4,19
2,1,2,tab,46,0.8648648648648649,0.9612450371358364,0.8260869565217391,0.8888888888888888,,,,,3,18
2,2,0,concat,46,0.6066066066066067,0.8698611959469995,0.6956521739130435,0.8,0.0510510510510511,-0.096096096096096,0.5555555555555556,0.7027027027027027,2,17
2,2,1,concat,46,0.6036036036036037,0.8714129887734035,0.7608695652173914,0.8571428571428571,0.063063063063063,-0.099099099099099,0.5405405405405406,0.7027027027027027,1,16
2,2,2,concat,46,0.5525525525525525,0.8563992808390091,0.6956521739130435,0.8,0.045045045045045,-0.1771771771771771,0.5075075075075075,0.7297297297297297,1,16
2,2,0,concat_wide,46,0.6096096096096096,0.8705007740939892,0.717391304347826,0.8169014084507042,0.09009009009009,-0.1711711711711711,0.5195195195195196,0.7807807807807807,1,16
2,2,1,concat_wide,46,0.5495495495495496,0.8275226534429045,0.782608695652174,0.875,0.027027027027027,-0.141141141141141,0.5225225225225225,0.6906906906906907,1,16
2,2,2,concat_wide,46,0.5855855855855856,0.8565941498267358,0.7391304347826086,0.8333333333333334,0.066066066066066,-0.1501501501501501,0.5195195195195196,0.7357357357357357,1,16
2,2,0,cross,46,0.6486486486486487,0.8703295011888792,0.717391304347826,0.821917808219178,0.0570570570570571,0.063063063063063,0.5915915915915916,0.5855855855855856,13,28
2,2,1,cross,46,0.6036036036036037,0.8725411732172714,0.7608695652173914,0.8533333333333334,0.0360360360360361,-0.117117117117117,0.5675675675675675,0.7207207207207207,1,16
2,2,2,cross,46,0.5555555555555556,0.8322040519999403,0.717391304347826,0.821917808219178,0.015015015015015,-0.087087087087087,0.5405405405405406,0.6426426426426426,2,17
2,2,0,cross_a2b,46,0.6696696696696697,0.8885291833358109,0.8478260869565217,0.9090909090909092,0.003003003003003,0.054054054054054,0.6666666666666666,0.6156156156156156,1,16
2,2,1,cross_a2b,46,0.6006006006006006,0.862031812021036,0.717391304347826,0.821917808219178,0.033033033033033,-0.054054054054054,0.5675675675675675,0.6546546546546547,1,16
2,2,2,cross_a2b,46,0.6156156156156156,0.8716073727085369,0.717391304347826,0.821917808219178,0.03003003003003,-0.063063063063063,0.5855855855855856,0.6786786786786787,1,16
2,2,0,img,46,0.6816816816816818,0.8743549839346418,0.6739130434782609,0.7692307692307693,,,,,8,23
2,2,1,img,46,0.6426426426426427,0.865483176873733,0.8260869565217391,0.902439024390244,,,,,2,17
2,2,2,img,46,0.6516516516516517,0.867921154259875,0.7608695652173914,0.8450704225352113,,,,,24,39
2,2,0,tab,46,0.5465465465465466,0.814838064347575,0.6086956521739131,0.7352941176470589,,,,,2,17
2,2,1,tab,46,0.5705705705705706,0.8376159883854155,0.6739130434782609,0.782608695652174,,,,,1,16
2,2,2,tab,46,0.5375375375375375,0.8212539545671409,0.6739130434782609,0.7887323943661971,,,,,2,17
2,3,0,concat,46,0.7477477477477478,0.9237781824612312,0.6956521739130435,0.7941176470588235,0.066066066066066,0.087087087087087,0.6816816816816818,0.6606606606606608,2,17
2,3,1,concat,46,0.7207207207207208,0.9249453829730624,0.7608695652173914,0.8533333333333334,0.036036036036036,0.3063063063063064,0.6846846846846848,0.4144144144144144,21,36
2,3,2,concat,46,0.7057057057057057,0.9115968516799036,0.7608695652173914,0.8533333333333334,0.045045045045045,0.138138138138138,0.6606606606606606,0.5675675675675677,8,23
2,3,0,concat_wide,46,0.7087087087087087,0.9182587973536164,0.7608695652173914,0.8571428571428571,0.048048048048048,0.1531531531531531,0.6606606606606606,0.5555555555555556,6,21
2,3,1,concat_wide,46,0.7027027027027027,0.9160890899951708,0.7608695652173914,0.8493150684931506,0.018018018018018,0.3303303303303303,0.6846846846846847,0.3723723723723724,14,29
2,3,2,concat_wide,46,0.7507507507507507,0.933206484043552,0.8043478260869565,0.8767123287671232,0.0060060060060058,0.3033033033033032,0.7447447447447448,0.4474474474474474,19,34
2,3,0,cross,46,0.6996996996996998,0.9040007323285266,0.717391304347826,0.8059701492537313,0.048048048048048,0.0750750750750751,0.6516516516516517,0.6246246246246246,2,16
2,3,1,cross,46,0.7087087087087087,0.8886666812491018,0.782608695652174,0.8717948717948718,0.003003003003003,0.3393393393393393,0.7057057057057057,0.3693693693693693,5,20
2,3,2,cross,46,0.7297297297297298,0.9185533158414954,0.8260869565217391,0.8974358974358975,0.0390390390390391,0.1831831831831832,0.6906906906906907,0.5465465465465466,2,17
2,3,0,cross_a2b,46,0.7387387387387387,0.9166194718603268,0.782608695652174,0.868421052631579,0.0255255255255255,0.3033033033033033,0.7132132132132132,0.4354354354354354,29,44
2,3,1,cross_a2b,46,0.7207207207207207,0.9158457592560164,0.8260869565217391,0.8974358974358975,0.075075075075075,0.1711711711711711,0.6456456456456456,0.5495495495495496,1,16
2,3,2,cross_a2b,46,0.7087087087087087,0.8948869058449243,0.8043478260869565,0.8831168831168831,0.003003003003003,0.1981981981981981,0.7057057057057057,0.5105105105105106,2,17
2,3,0,img,46,0.6846846846846847,0.9018898857059204,0.6739130434782609,0.7945205479452054,,,,,4,19
2,3,1,img,46,0.7417417417417418,0.927919218762498,0.8260869565217391,0.902439024390244,,,,,1,16
2,3,2,img,46,0.7627627627627629,0.9366578737743684,0.8260869565217391,0.9,,,,,10,25
2,3,0,tab,46,0.6546546546546548,0.8939443652065762,0.7391304347826086,0.8421052631578947,,,,,5,20
2,3,1,tab,46,0.6846846846846847,0.8688176243258565,0.782608695652174,0.8717948717948718,,,,,13,28
2,3,2,tab,46,0.6996996996996997,0.9183643068755644,0.717391304347826,0.8266666666666667,,,,,7,22
2,4,0,concat,45,0.6925675675675675,0.8819007249385715,0.8444444444444444,0.9090909090909092,0.0168918918918917,0.1283783783783783,0.6756756756756758,0.5641891891891893,3,18
2,4,1,concat,45,0.6959459459459459,0.864616175744793,0.7777777777777778,0.8648648648648649,0.0033783783783783,0.1554054054054053,0.6925675675675675,0.5405405405405406,2,17
2,4,2,concat,45,0.6858108108108109,0.8954172376118541,0.7111111111111111,0.8115942028985508,-0.0033783783783783,0.1587837837837838,0.6891891891891893,0.527027027027027,2,17
2,4,0,concat_wide,45,0.6790540540540541,0.8668161543695325,0.8222222222222222,0.8974358974358975,0.0135135135135134,0.233108108108108,0.6655405405405406,0.445945945945946,2,17
2,4,1,concat_wide,45,0.6621621621621622,0.850444581676907,0.8444444444444444,0.9113924050632912,0.0304054054054053,0.1452702702702702,0.6317567567567568,0.5168918918918919,2,17
2,4,2,concat_wide,45,0.6891891891891893,0.8808909520952677,0.7777777777777778,0.8648648648648649,0.0135135135135135,0.195945945945946,0.6756756756756757,0.4932432432432432,2,17
2,4,0,cross,45,0.6824324324324325,0.9062636580030824,0.7555555555555555,0.8493150684931506,-0.0033783783783783,0.1925675675675676,0.6858108108108109,0.4898648648648648,1,16
2,4,1,cross,45,0.7567567567567568,0.9400696177106852,0.7555555555555555,0.8493150684931506,0.0067567567567567,0.375,0.75,0.3817567567567567,22,37
2,4,2,cross,45,0.6824324324324325,0.9092248875245816,0.7777777777777778,0.8648648648648649,0.0152027027027026,0.1925675675675676,0.6672297297297298,0.4898648648648648,15,30
2,4,0,cross_a2b,45,0.7364864864864865,0.9316347055687352,0.8,0.8860759493670886,-0.0135135135135134,0.2094594594594594,0.75,0.5270270270270271,1,16
2,4,1,cross_a2b,45,0.6689189189189189,0.8923164492272575,0.7555555555555555,0.8533333333333334,0.0236486486486485,0.179054054054054,0.6452702702702703,0.4898648648648648,10,25
2,4,2,cross_a2b,45,0.6756756756756757,0.8801926550246355,0.7555555555555555,0.8493150684931506,0.0135135135135134,0.3074324324324324,0.6621621621621622,0.3682432432432432,1,16
2,4,0,img,45,0.6891891891891891,0.9141878941897073,0.8222222222222222,0.902439024390244,,,,,19,34
2,4,1,img,45,0.6182432432432432,0.8838969506938852,0.7555555555555555,0.8493150684931506,,,,,2,17
2,4,2,img,45,0.6722972972972974,0.912362841634724,0.6444444444444445,0.7575757575757576,,,,,15,30
2,4,0,tab,45,0.6351351351351352,0.8608108377378112,0.7777777777777778,0.8648648648648649,,,,,2,17
2,4,1,tab,45,0.6891891891891891,0.866633944548485,0.8222222222222222,0.8947368421052632,,,,,2,17
2,4,2,tab,45,0.6824324324324325,0.8941673137276078,0.7111111111111111,0.8169014084507042,,,,,1,16
3,0,0,concat,46,0.930921052631579,0.9847296448547954,0.8695652173913043,0.925,0.0230263157894737,0.3223684210526316,0.9078947368421052,0.6085526315789473,13,28
3,0,1,concat,46,0.9046052631578948,0.981104908142777,0.8478260869565217,0.9135802469135802,0.0131578947368421,0.4046052631578948,0.8914473684210527,0.5,8,23
3,0,2,concat,46,0.9177631578947368,0.9824577271968378,0.8478260869565217,0.9113924050632912,0.0427631578947367,0.3289473684210525,0.8750000000000001,0.5888157894736843,16,31
3,0,0,concat_wide,46,0.894736842105263,0.9770183354891994,0.8913043478260869,0.935064935064935,0.0164473684210526,0.4276315789473683,0.8782894736842104,0.4671052631578947,18,33
3,0,1,concat_wide,46,0.8585526315789473,0.9706226652369292,0.8260869565217391,0.8974358974358975,0.0098684210526315,0.3355263157894737,0.8486842105263158,0.5230263157894737,12,27
3,0,2,concat_wide,46,0.875,0.972920386952218,0.8695652173913043,0.9210526315789472,0.006578947368421,0.4013157894736842,0.868421052631579,0.4736842105263158,2,17
3,0,0,cross,46,0.6973684210526316,0.9122537950437706,0.7391304347826086,0.8421052631578947,-0.0098684210526315,0.2664473684210527,0.7072368421052632,0.4309210526315789,24,39
3,0,1,cross,46,0.950657894736842,0.9894895220066018,0.8913043478260869,0.9315068493150684,0.0230263157894735,0.381578947368421,0.9276315789473684,0.569078947368421,1,16
3,0,2,cross,46,0.8782894736842105,0.9751620709614122,0.8043478260869565,0.8860759493670886,-0.0065789473684211,0.4111842105263158,0.8848684210526316,0.4671052631578947,2,17
3,0,0,cross_a2b,46,0.8289473684210527,0.963358752011632,0.8260869565217391,0.8974358974358975,0.0098684210526316,0.3881578947368421,0.819078947368421,0.4407894736842105,16,31
3,0,1,cross_a2b,46,0.868421052631579,0.9709123021223433,0.8478260869565217,0.9113924050632912,0.0098684210526316,0.3881578947368421,0.8585526315789473,0.4802631578947368,9,24
3,0,2,cross_a2b,46,0.8355263157894737,0.9615979736823308,0.8478260869565217,0.9090909090909092,-0.0032894736842105,0.3519736842105262,0.8388157894736842,0.4835526315789474,5,20
3,0,0,img,46,0.7105263157894737,0.9219707806077978,0.6739130434782609,0.782608695652174,,,,,5,20
3,0,1,img,46,0.6118421052631577,0.893285839057973,0.7608695652173914,0.8533333333333334,,,,,2,17
3,0,2,img,46,0.6414473684210527,0.8979642430501349,0.8043478260869565,0.8860759493670886,,,,,2,17
3,0,0,tab,46,0.875,0.9709080728472894,0.8478260869565217,0.9090909090909092,,,,,11,26
3,0,1,tab,46,0.8322368421052632,0.9618091380265612,0.8478260869565217,0.9113924050632912,,,,,13,28
3,0,2,tab,46,0.8519736842105263,0.9514290692448302,0.8043478260869565,0.8831168831168831,,,,,39,54
3,1,0,concat,46,0.7267267267267268,0.8528039133875717,0.8478260869565217,0.9113924050632912,0.0600600600600601,-0.1081081081081081,0.6666666666666666,0.8348348348348349,5,20
3,1,1,concat,46,0.6876876876876877,0.8466031025346872,0.6956521739130435,0.7941176470588235,0.0285285285285284,-0.0060060060060059,0.6591591591591592,0.6936936936936937,4,19
3,1,2,concat,46,0.7117117117117118,0.8848856054969811,0.7608695652173914,0.8405797101449275,0.0600600600600601,-0.0270270270270269,0.6516516516516516,0.7387387387387387,2,17
3,1,0,concat_wide,46,0.7177177177177176,0.8594421669209054,0.8478260869565217,0.9113924050632912,0.0510510510510509,-0.0210210210210211,0.6666666666666667,0.7387387387387387,5,20
3,1,1,concat_wide,46,0.7372372372372373,0.8698951156587563,0.7608695652173914,0.835820895522388,0.0705705705705705,0.0945945945945947,0.6666666666666667,0.6426426426426426,3,18
3,1,2,concat_wide,46,0.6711711711711712,0.8461375367281251,0.782608695652174,0.8648648648648649,0.018018018018018,-0.0135135135135134,0.6531531531531531,0.6846846846846847,3,18
3,1,0,cross,46,0.7777777777777779,0.9375977204830112,0.782608695652174,0.8717948717948718,0.0390390390390391,-0.0390390390390389,0.7387387387387387,0.8168168168168168,1,16
3,1,1,cross,46,0.7357357357357358,0.8761831221370548,0.7608695652173914,0.835820895522388,0.0600600600600601,-0.0150150150150148,0.6756756756756757,0.7507507507507507,1,16
3,1,2,cross,46,0.7417417417417418,0.914030638116652,0.717391304347826,0.8059701492537313,0.0390390390390391,0.0210210210210211,0.7027027027027026,0.7207207207207207,1,16
3,1,0,cross_a2b,46,0.6456456456456456,0.8446913574606989,0.8043478260869565,0.88,0.0060060060060059,-0.0510510510510511,0.6396396396396397,0.6966966966966968,26,41
3,1,1,cross_a2b,46,0.6876876876876877,0.876160739794317,0.7391304347826086,0.8333333333333334,0.009009009009009,-0.0630630630630629,0.6786786786786787,0.7507507507507507,1,16
3,1,2,cross_a2b,46,0.7897897897897899,0.8975960960409222,0.8478260869565217,0.9090909090909092,0.009009009009009,0.1231231231231231,0.7807807807807808,0.6666666666666667,2,17
3,1,0,img,46,0.7837837837837838,0.9468564351453376,0.8043478260869565,0.8888888888888888,,,,,20,35
3,1,1,img,46,0.8498498498498499,0.9639104376507188,0.7608695652173914,0.835820895522388,,,,,20,35
3,1,2,img,46,0.8258258258258259,0.9586265390050536,0.6956521739130435,0.78125,,,,,11,26
3,1,0,tab,46,0.6216216216216217,0.8594415373076407,0.717391304347826,0.8115942028985508,,,,,1,16
3,1,1,tab,46,0.6666666666666667,0.8436835287103229,0.6956521739130435,0.8,,,,,2,17
3,1,2,tab,46,0.6846846846846848,0.8624539882636217,0.717391304347826,0.8115942028985508,,,,,2,17
3,2,0,concat,46,0.6936936936936937,0.8614857941135612,0.8478260869565217,0.9066666666666666,0.015015015015015,-0.048048048048048,0.6786786786786787,0.7417417417417418,8,23
3,2,1,concat,46,0.6861861861861862,0.8570148454320861,0.8913043478260869,0.935064935064935,0.0135135135135134,-0.0435435435435436,0.6726726726726727,0.7297297297297298,12,27
3,2,2,concat,46,0.6936936936936937,0.861987768833991,0.8478260869565217,0.9066666666666666,0.0,0.0210210210210209,0.6936936936936937,0.6726726726726727,6,21
3,2,0,concat_wide,46,0.6726726726726727,0.8542445541794553,0.782608695652174,0.8648648648648649,-0.0030030030030029,-0.066066066066066,0.6756756756756757,0.7387387387387387,4,19
3,2,1,concat_wide,46,0.6771771771771773,0.8439004072824695,0.8260869565217391,0.8947368421052632,0.0315315315315316,-0.0045045045045044,0.6456456456456456,0.6816816816816818,3,18
3,2,2,concat_wide,46,0.6666666666666667,0.8536624598756788,0.8260869565217391,0.8947368421052632,-0.0135135135135134,-0.1381381381381381,0.6801801801801802,0.8048048048048049,27,42
3,2,0,cross,46,0.7537537537537538,0.9298470059118782,0.8260869565217391,0.8947368421052632,0.024024024024024,0.072072072072072,0.7297297297297297,0.6816816816816818,19,34
3,2,1,cross,46,0.6171171171171171,0.8291053616496856,0.717391304347826,0.8169014084507042,0.0075075075075075,0.0045045045045045,0.6096096096096096,0.6126126126126126,24,39
3,2,2,cross,46,0.6216216216216217,0.8265778923622835,0.6086956521739131,0.71875,0.03003003003003,-0.0840840840840839,0.5915915915915917,0.7057057057057057,1,16
3,2,0,cross_a2b,46,0.7357357357357357,0.9241899463411616,0.7391304347826086,0.8333333333333334,0.0240240240240239,0.0180180180180179,0.7117117117117118,0.7177177177177178,3,18
3,2,1,cross_a2b,46,0.6741741741741742,0.8427193176399942,0.8260869565217391,0.8947368421052632,0.009009009009009,0.0285285285285286,0.6651651651651652,0.6456456456456456,16,31
3,2,2,cross_a2b,46,0.6936936936936937,0.8959608742114065,0.8260869565217391,0.8918918918918919,0.0210210210210209,0.0030030030030029,0.6726726726726727,0.6906906906906908,2,17
3,2,0,img,46,0.7057057057057057,0.8973831046867071,0.8478260869565217,0.9135802469135802,,,,,12,27
3,2,1,img,46,0.8108108108108107,0.9252232113487412,0.782608695652174,0.8529411764705882,,,,,7,22
3,2,2,img,46,0.7897897897897899,0.9291092202675976,0.782608695652174,0.868421052631579,,,,,18,33
3,2,0,tab,46,0.6561561561561562,0.8363223321391423,0.8478260869565217,0.9066666666666666,,,,,3,18
3,2,1,tab,46,0.6516516516516517,0.8235720119767407,0.8478260869565217,0.9066666666666666,,,,,3,18
3,2,2,tab,46,0.6576576576576577,0.8463092620920394,0.8043478260869565,0.8767123287671232,,,,,3,18
3,3,0,concat,46,0.8078078078078079,0.9488902502801724,0.8260869565217391,0.8918918918918919,0.0600600600600601,0.1351351351351353,0.7477477477477478,0.6726726726726726,2,17
3,3,1,concat,46,0.7717717717717718,0.9281200805647858,0.782608695652174,0.8648648648648649,0.027027027027027,0.0930930930930931,0.7447447447447447,0.6786786786786787,2,17
3,3,2,concat,46,0.7687687687687689,0.9185395326139532,0.8695652173913043,0.9230769230769232,0.0450450450450451,0.0960960960960962,0.7237237237237237,0.6726726726726726,3,18
3,3,0,concat_wide,46,0.7117117117117118,0.9133028377676142,0.7608695652173914,0.8571428571428571,-0.003003003003003,0.0960960960960961,0.7147147147147148,0.6156156156156156,1,16
3,3,1,concat_wide,46,0.7777777777777778,0.9253872832583364,0.6086956521739131,0.7,0.0570570570570571,0.1231231231231231,0.7207207207207207,0.6546546546546547,1,16
3,3,2,concat_wide,46,0.8018018018018018,0.9395468742365644,0.8913043478260869,0.935064935064935,0.0870870870870871,0.1081081081081081,0.7147147147147147,0.6936936936936937,1,16
3,3,0,cross,46,0.7087087087087087,0.9055217597147494,0.7608695652173914,0.8533333333333334,0.0570570570570571,-0.0480480480480479,0.6516516516516516,0.7567567567567567,5,20
3,3,1,cross,46,0.7087087087087087,0.8351603152526192,0.782608695652174,0.8611111111111112,0.018018018018018,0.051051051051051,0.6906906906906907,0.6576576576576577,3,18
3,3,2,cross,46,0.6936936936936937,0.8609799138944543,0.8043478260869565,0.8831168831168831,0.006006006006006,-0.045045045045045,0.6876876876876876,0.7387387387387387,6,21
3,3,0,cross_a2b,46,0.7687687687687688,0.9164661697203716,0.8478260869565217,0.9113924050632912,0.024024024024024,0.096096096096096,0.7447447447447447,0.6726726726726727,1,16
3,3,1,cross_a2b,46,0.7507507507507507,0.9060727981563226,0.782608695652174,0.8611111111111112,0.0330330330330329,0.102102102102102,0.7177177177177178,0.6486486486486487,2,17
3,3,2,cross_a2b,46,0.8168168168168168,0.913511254538252,0.8695652173913043,0.918918918918919,0.033033033033033,0.069069069069069,0.7837837837837838,0.7477477477477478,20,35
3,3,0,img,46,0.6576576576576577,0.904907396203277,0.782608695652174,0.8717948717948718,,,,,4,19
3,3,1,img,46,0.7207207207207207,0.9231844948837168,0.6956521739130435,0.8,,,,,7,22
3,3,2,img,46,0.6876876876876876,0.9139597104491493,0.717391304347826,0.8266666666666667,,,,,9,24
3,3,0,tab,46,0.7627627627627628,0.9340207721235309,0.7391304347826086,0.8378378378378378,,,,,1,16
3,3,1,tab,46,0.7357357357357357,0.8655231623565935,0.8913043478260869,0.9333333333333332,,,,,3,18
3,3,2,tab,46,0.7687687687687688,0.9327362743270946,0.7391304347826086,0.8285714285714286,,,,,1,16
3,4,0,concat,45,0.6418918918918919,0.8692375573226434,0.6222222222222222,0.7301587301587301,0.0574324324324324,0.1013513513513513,0.5844594594594594,0.5405405405405406,1,16
3,4,1,concat,45,0.7584459459459459,0.8849908681961459,0.8222222222222222,0.8918918918918919,0.0337837837837837,0.1570945945945946,0.7246621621621622,0.6013513513513513,5,20
3,4,2,concat,45,0.75,0.8850446669726435,0.8888888888888888,0.9333333333333332,0.010135135135135,0.2195945945945945,0.7398648648648649,0.5304054054054055,4,19
3,4,0,concat_wide,45,0.6993243243243243,0.8832522651234165,0.7777777777777778,0.8611111111111112,-0.0033783783783783,0.1689189189189189,0.7027027027027027,0.5304054054054054,2,17
3,4,1,concat_wide,45,0.7212837837837838,0.8845347970913248,0.8666666666666667,0.9210526315789472,-0.0067567567567567,0.1706081081081081,0.7280405405405406,0.5506756756756757,3,18
3,4,2,concat_wide,45,0.6942567567567567,0.8713424545126945,0.7777777777777778,0.8648648648648649,0.0084459459459458,0.1030405405405404,0.6858108108108109,0.5912162162162162,2,17
3,4,0,cross,45,0.6756756756756757,0.893435046364957,0.7333333333333333,0.8235294117647058,0.010135135135135,0.0709459459459459,0.6655405405405406,0.6047297297297297,1,16
3,4,1,cross,45,0.6621621621621622,0.8714117734412405,0.7111111111111111,0.8169014084507042,0.0067567567567566,0.0912162162162162,0.6554054054054055,0.5709459459459459,1,16
3,4,2,cross,45,0.7297297297297297,0.8848635534816156,0.7333333333333333,0.8235294117647058,0.0202702702702702,0.0506756756756756,0.7094594594594594,0.6790540540540541,1,16
3,4,0,cross_a2b,45,0.6756756756756757,0.8692398534564056,0.7111111111111111,0.8169014084507042,0.0236486486486486,0.0439189189189188,0.652027027027027,0.6317567567567568,1,16
3,4,1,cross_a2b,45,0.7331081081081081,0.8756118041804588,0.8444444444444444,0.9041095890410958,-0.0033783783783783,0.2635135135135135,0.7364864864864865,0.4695945945945946,1,16
3,4,2,cross_a2b,45,0.7567567567567568,0.8947491023502647,0.7555555555555555,0.8405797101449275,0.0202702702702702,0.1824324324324324,0.7364864864864865,0.5743243243243243,1,16
3,4,0,img,45,0.5912162162162162,0.854621659376553,0.8444444444444444,0.9135802469135802,,,,,10,25
3,4,1,img,45,0.5641891891891891,0.8575288237094478,0.8222222222222222,0.9,,,,,26,41
3,4,2,img,45,0.6148648648648649,0.8974949870724742,0.8,0.8860759493670886,,,,,17,32
3,4,0,tab,45,0.6587837837837838,0.8651001581120449,0.6666666666666666,0.7692307692307693,,,,,1,16
3,4,1,tab,45,0.7094594594594594,0.8725089443341599,0.7555555555555555,0.8450704225352113,,,,,2,17
3,4,2,tab,45,0.6925675675675675,0.8846765896837847,0.6888888888888889,0.7878787878787878,,,,,1,16
4,0,0,concat,46,0.8782894736842105,0.972190403573974,0.6956521739130435,0.78125,0.0592105263157894,0.0723684210526316,0.819078947368421,0.8059210526315789,2,17
4,0,1,concat,46,0.8947368421052632,0.9754914843525512,0.8913043478260869,0.935064935064935,0.0460526315789473,0.1217105263157894,0.8486842105263158,0.7730263157894737,4,19
4,0,2,concat,46,0.8256578947368421,0.9597969827885422,0.8478260869565217,0.9066666666666666,0.0263157894736842,0.0263157894736841,0.7993421052631579,0.799342105263158,3,18
4,0,0,concat_wide,46,0.9013157894736842,0.976810099759318,0.8695652173913043,0.918918918918919,0.0263157894736841,0.1611842105263157,0.875,0.7401315789473685,4,19
4,0,1,concat_wide,46,0.8914473684210525,0.9776569322518908,0.8260869565217391,0.8857142857142857,0.0789473684210525,0.1052631578947366,0.8125,0.7861842105263159,1,16
4,0,2,concat_wide,46,0.8585526315789473,0.9675175678712364,0.8260869565217391,0.8888888888888888,0.0789473684210526,0.069078947368421,0.7796052631578947,0.7894736842105263,1,16
4,0,0,cross,46,0.9210526315789472,0.9820558628900729,0.9130434782608696,0.9473684210526316,0.0098684210526315,0.3618421052631578,0.9111842105263158,0.5592105263157895,4,19
4,0,1,cross,46,0.9144736842105264,0.980442283346858,0.8043478260869565,0.8695652173913043,0.0263157894736842,0.2105263157894736,0.888157894736842,0.7039473684210527,1,16
4,0,2,cross,46,0.8914473684210527,0.9743732458537692,0.8913043478260869,0.935064935064935,0.0197368421052631,0.1842105263157895,0.8717105263157895,0.7072368421052632,4,19
4,0,0,cross_a2b,46,0.8486842105263158,0.9648198702715804,0.6956521739130435,0.7941176470588235,0.0065789473684211,0.1611842105263158,0.8421052631578947,0.6875,1,16
4,0,1,cross_a2b,46,0.8585526315789473,0.9629503766338656,0.8913043478260869,0.935064935064935,-0.0032894736842105,0.2368421052631578,0.8618421052631579,0.6217105263157895,4,19
4,0,2,cross_a2b,46,0.8026315789473684,0.9352235654185832,0.8913043478260869,0.9367088607594936,0.006578947368421,0.144736842105263,0.7960526315789473,0.6578947368421053,2,17
4,0,0,img,46,0.8388157894736842,0.966361207501665,0.7608695652173914,0.8450704225352113,,,,,8,23
4,0,1,img,46,0.8618421052631579,0.9635486029159854,0.6956521739130435,0.78125,,,,,4,19
4,0,2,img,46,0.8585526315789473,0.9678084992354395,0.8478260869565217,0.9113924050632912,,,,,7,22
4,0,0,tab,46,0.805921052631579,0.9526608534453214,0.717391304347826,0.8115942028985508,,,,,1,16
4,0,1,tab,46,0.8453947368421053,0.9597172880596704,0.8478260869565217,0.9041095890410958,,,,,2,17
4,0,2,tab,46,0.8421052631578948,0.9618516873695298,0.8260869565217391,0.8918918918918919,,,,,2,17
4,1,0,concat,46,0.3963963963963964,0.7714493064508181,0.6739130434782609,0.8051948051948052,-0.0120120120120119,-0.1651651651651651,0.4084084084084084,0.5615615615615616,1,16
4,1,1,concat,46,0.496996996996997,0.7936210150478185,0.7608695652173914,0.8571428571428571,-0.015015015015015,0.0645645645645645,0.5120120120120121,0.4324324324324325,5,20
4,1,2,concat,46,0.5015015015015016,0.8225435661538949,0.7391304347826086,0.8421052631578947,-0.0240240240240239,-0.0120120120120119,0.5255255255255256,0.5135135135135136,2,17
4,1,0,concat_wide,46,0.4864864864864864,0.8306155648002842,0.6956521739130435,0.8157894736842105,-0.03003003003003,-0.0690690690690691,0.5165165165165165,0.5555555555555556,1,16
4,1,1,concat_wide,46,0.5435435435435436,0.8158194232486295,0.7608695652173914,0.8571428571428571,-0.0270270270270269,0.0990990990990991,0.5705705705705706,0.4444444444444445,4,19
4,1,2,concat_wide,46,0.5105105105105106,0.8167264736471782,0.717391304347826,0.8266666666666667,-0.036036036036036,-0.024024024024024,0.5465465465465466,0.5345345345345346,16,31
4,1,0,cross,46,0.4954954954954955,0.8434459866740791,0.717391304347826,0.8266666666666667,-0.024024024024024,0.033033033033033,0.5195195195195196,0.4624624624624625,24,39
4,1,1,cross,46,0.4324324324324324,0.778607402966687,0.6739130434782609,0.8,-0.009009009009009,0.0960960960960961,0.4414414414414415,0.3363363363363363,7,22
4,1,2,cross,46,0.6006006006006006,0.8405586467730837,0.7608695652173914,0.8571428571428571,0.0090090090090089,0.09009009009009,0.5915915915915917,0.5105105105105106,3,18
4,1,0,cross_a2b,46,0.5255255255255256,0.815101767789542,0.7391304347826086,0.8421052631578947,-0.018018018018018,0.0810810810810811,0.5435435435435436,0.4444444444444444,5,20
4,1,1,cross_a2b,46,0.5495495495495495,0.8518543151491194,0.782608695652174,0.868421052631579,-0.0600600600600601,0.048048048048048,0.6096096096096096,0.5015015015015014,5,20
4,1,2,cross_a2b,46,0.5765765765765766,0.8550326231570788,0.717391304347826,0.8266666666666667,-0.039039039039039,0.0870870870870871,0.6156156156156156,0.4894894894894894,6,21
4,1,0,img,46,0.4834834834834835,0.8064449135283027,0.7391304347826086,0.85,,,,,26,41
4,1,1,img,46,0.5735735735735736,0.8027904326248796,0.7608695652173914,0.8533333333333334,,,,,25,40
4,1,2,img,46,0.5135135135135135,0.7820287007260096,0.6521739130434783,0.7777777777777778,,,,,1,16
4,1,0,tab,46,0.6006006006006006,0.840686688486156,0.6956521739130435,0.8055555555555556,,,,,2,17
4,1,1,tab,46,0.5285285285285286,0.8438851498650104,0.6521739130434783,0.7777777777777778,,,,,1,16
4,1,2,tab,46,0.6021021021021021,0.8517972854652087,0.7608695652173914,0.8571428571428571,,,,,5,20
4,2,0,concat,46,0.6801801801801801,0.8665002482676114,0.8260869565217391,0.8974358974358975,-0.0255255255255256,0.0975975975975975,0.7057057057057058,0.5825825825825826,42,57
4,2,1,concat,46,0.6846846846846847,0.8742339112077766,0.8478260869565217,0.9090909090909092,-0.0030030030030029,0.096096096096096,0.6876876876876876,0.5885885885885886,28,43
4,2,2,concat,46,0.7237237237237237,0.8986515663984671,0.8695652173913043,0.9230769230769232,-0.027027027027027,0.1081081081081081,0.7507507507507508,0.6156156156156156,15,30
4,2,0,concat_wide,46,0.6981981981981983,0.8789729726324997,0.8043478260869565,0.8860759493670886,0.0285285285285286,0.0705705705705707,0.6696696696696697,0.6276276276276276,40,55
4,2,1,concat_wide,46,0.6906906906906907,0.8752951622690276,0.8478260869565217,0.9113924050632912,-0.0360360360360361,0.06006006006006,0.7267267267267268,0.6306306306306306,28,43
4,2,2,concat_wide,46,0.6906906906906908,0.8750859576324634,0.8478260869565217,0.9113924050632912,-0.0030030030030029,0.1021021021021021,0.6936936936936937,0.5885885885885886,27,42
4,2,0,cross,46,0.7057057057057057,0.8931747952724671,0.8043478260869565,0.8767123287671232,-0.018018018018018,0.1501501501501501,0.7237237237237237,0.5555555555555556,6,21
4,2,1,cross,46,0.7057057057057057,0.90445380492838,0.782608695652174,0.8717948717948718,0.0480480480480479,-0.0270270270270271,0.6576576576576577,0.7327327327327329,16,31
4,2,2,cross,46,0.6636636636636637,0.8760943097294274,0.8043478260869565,0.88,0.006006006006006,0.1831831831831832,0.6576576576576576,0.4804804804804805,7,22
4,2,0,cross_a2b,46,0.7237237237237237,0.9036734939424778,0.8260869565217391,0.8947368421052632,-0.0360360360360361,0.1231231231231231,0.7597597597597598,0.6006006006006006,14,29
4,2,1,cross_a2b,46,0.7552552552552553,0.9117888641905928,0.8478260869565217,0.9090909090909092,-0.0075075075075075,0.1096096096096096,0.7627627627627628,0.6456456456456456,8,23
4,2,2,cross_a2b,46,0.7357357357357358,0.9213713093524092,0.8043478260869565,0.8831168831168831,0.0210210210210211,0.1231231231231232,0.7147147147147147,0.6126126126126126,20,35
4,2,0,img,46,0.6696696696696697,0.8944548248116329,0.5217391304347826,0.6333333333333333,,,,,5,20
4,2,1,img,46,0.7177177177177178,0.9124534191762466,0.8260869565217391,0.8974358974358975,,,,,15,30
4,2,2,img,46,0.7477477477477478,0.9269716352362848,0.8260869565217391,0.8947368421052632,,,,,4,19
4,2,0,tab,46,0.7417417417417418,0.9099615778558556,0.8043478260869565,0.8831168831168831,,,,,10,25
4,2,1,tab,46,0.7372372372372372,0.9059576607664211,0.8043478260869565,0.88,,,,,9,24
4,2,2,tab,46,0.7762762762762763,0.9412070229235644,0.8260869565217391,0.8974358974358975,,,,,8,23
4,3,0,concat,46,0.8138138138138138,0.919020930183272,0.8478260869565217,0.9014084507042254,0.0210210210210209,0.2582582582582582,0.7927927927927928,0.5555555555555556,4,19
4,3,1,concat,46,0.7657657657657657,0.9014922473954194,0.782608695652174,0.8611111111111112,-0.003003003003003,0.162162162162162,0.7687687687687688,0.6036036036036037,3,18
4,3,2,concat,46,0.7987987987987988,0.930137724172852,0.8695652173913043,0.9210526315789472,0.0180180180180179,0.1351351351351351,0.7807807807807808,0.6636636636636637,4,19
4,3,0,concat_wide,46,0.7597597597597597,0.898874853470595,0.6739130434782609,0.7619047619047619,0.0060060060060059,0.2702702702702702,0.7537537537537538,0.4894894894894895,2,17
4,3,1,concat_wide,46,0.7417417417417418,0.8969966559211774,0.717391304347826,0.8059701492537313,-0.0120120120120119,0.1651651651651652,0.7537537537537538,0.5765765765765766,2,17
4,3,2,concat_wide,46,0.7627627627627628,0.9024471423370016,0.6956521739130435,0.78125,0.0,0.2072072072072072,0.7627627627627628,0.5555555555555556,2,17
4,3,0,cross,46,0.8558558558558559,0.9492153070477928,0.8478260869565217,0.9014084507042254,0.027027027027027,0.2492492492492493,0.8288288288288288,0.6066066066066066,4,19
4,3,1,cross,46,0.8858858858858859,0.9683426479981824,0.8913043478260869,0.9333333333333332,0.0270270270270269,0.3393393393393393,0.8588588588588589,0.5465465465465466,8,23
4,3,2,cross,46,0.8798798798798799,0.9633488173373824,0.8478260869565217,0.9041095890410958,0.0060060060060059,0.2702702702702703,0.8738738738738739,0.6096096096096096,3,18
4,3,0,cross_a2b,46,0.867867867867868,0.95315792135792,0.9347826086956522,0.96,0.0210210210210211,0.2882882882882883,0.8468468468468469,0.5795795795795796,8,23
4,3,1,cross_a2b,46,0.8288288288288288,0.9281818724688278,0.9347826086956522,0.96,-0.003003003003003,0.2312312312312311,0.8318318318318318,0.5975975975975977,7,22
4,3,2,cross_a2b,46,0.8168168168168168,0.9368683850567128,0.8478260869565217,0.9041095890410958,0.0210210210210211,0.2822822822822823,0.7957957957957957,0.5345345345345345,4,19
4,3,0,img,46,0.6636636636636637,0.9045402642763388,0.8478260869565217,0.9135802469135802,,,,,57,72
4,3,1,img,46,0.6786786786786787,0.8963212099900966,0.782608695652174,0.868421052631579,,,,,8,23
4,3,2,img,46,0.6876876876876877,0.9038322366877072,0.8695652173913043,0.925,,,,,15,30
4,3,0,tab,46,0.8048048048048049,0.8949422781998218,0.9130434782608696,0.945945945945946,,,,,9,24
4,3,1,tab,46,0.7792792792792793,0.881759640278898,0.7608695652173914,0.8405797101449275,,,,,3,18
4,3,2,tab,46,0.7867867867867868,0.9113591003661624,0.8478260869565217,0.9041095890410958,,,,,2,17
4,4,0,concat,45,0.6925675675675675,0.9249894066821116,0.7555555555555555,0.8533333333333334,0.0405405405405404,0.2432432432432432,0.6520270270270271,0.4493243243243243,24,39
4,4,1,concat,45,0.606418918918919,0.8687744470724419,0.7333333333333333,0.8421052631578947,-0.0320945945945946,0.1131756756756756,0.6385135135135136,0.4932432432432433,29,44
4,4,2,concat,45,0.6317567567567567,0.8795535542341258,0.7555555555555555,0.8533333333333334,-0.0287162162162163,0.2432432432432432,0.660472972972973,0.3885135135135135,37,52
4,4,0,concat_wide,45,0.5641891891891891,0.8428464803188138,0.7333333333333333,0.8378378378378378,0.0135135135135134,0.1891891891891891,0.5506756756756757,0.375,37,52
4,4,1,concat_wide,45,0.6097972972972973,0.870614094641909,0.7333333333333333,0.8378378378378378,0.0084459459459459,0.170608108108108,0.6013513513513513,0.4391891891891892,22,37
4,4,2,concat_wide,45,0.6925675675675677,0.9281315964243342,0.7555555555555555,0.8533333333333334,0.0135135135135134,0.2500000000000001,0.6790540540540542,0.4425675675675675,12,27
4,4,0,cross,45,0.6030405405405406,0.8612452959634673,0.7777777777777778,0.868421052631579,0.0371621621621621,0.2652027027027027,0.5658783783783784,0.3378378378378378,29,44
4,4,1,cross,45,0.5827702702702703,0.84103009227439,0.7777777777777778,0.868421052631579,0.0016891891891891,0.1334459459459459,0.5810810810810811,0.4493243243243243,39,54
4,4,2,cross,45,0.5878378378378379,0.8842234833212637,0.7555555555555555,0.8533333333333334,-0.1047297297297297,0.2094594594594595,0.6925675675675677,0.3783783783783784,15,30
4,4,0,cross_a2b,45,0.6756756756756757,0.914488217923583,0.7555555555555555,0.8533333333333334,-0.0168918918918918,0.3344594594594594,0.6925675675675675,0.3412162162162162,18,33
4,4,1,cross_a2b,45,0.6182432432432432,0.8911750449805477,0.7777777777777778,0.868421052631579,-0.0371621621621622,0.1891891891891891,0.6554054054054055,0.429054054054054,14,29
4,4,2,cross_a2b,45,0.6081081081081081,0.867452195928317,0.7555555555555555,0.8533333333333334,-0.010135135135135,0.1824324324324324,0.6182432432432432,0.4256756756756756,14,29
4,4,0,img,45,0.8074324324324325,0.953405380279036,0.8666666666666667,0.9210526315789472,,,,,3,18
4,4,1,img,45,0.7702702702702703,0.9388379401614322,0.8222222222222222,0.902439024390244,,,,,10,25
4,4,2,img,45,0.7702702702702703,0.940764005231673,0.8666666666666667,0.925,,,,,1,16
4,4,0,tab,45,0.6841216216216216,0.920389231205218,0.7111111111111111,0.821917808219178,,,,,7,22
4,4,1,tab,45,0.6317567567567568,0.89122631985964,0.7111111111111111,0.821917808219178,,,,,12,27
4,4,2,tab,45,0.5641891891891893,0.8406173334139987,0.7555555555555555,0.8533333333333334,,,,,16,31
